{
  "n": 33,
  "bias": -0.05428571428571425,
  "sd_diff": 0.08870677383016477,
  "loa_lower": -0.2281509909928372,
  "loa_upper": 0.11957956242140871,
  "prop_bias_slope": -0.3341706375359931,
  "prop_bias_intercept": 0.10271662031074165,
  "prop_bias_p": 2.899795795090247e-10
}