{
  "kind": "icc2_1",
  "n": 33,
  "k": 2,
  "point": 0.9031255020632486,
  "ci_lower": 0.8463454960789443,
  "ci_upper": 0.9347782444525516,
  "alpha": 0.05,
  "method": "bootstrap_2000_seed42"
}