{
  "icc2_1": {
    "kind": "icc2_1",
    "n": 33,
    "k": 3,
    "point": 0.7653786934525993,
    "ci_lower": 0.5331262206724895,
    "ci_upper": 0.8838886178252225,
    "alpha": 0.05,
    "method": "mcgraw_wong_1996_f"
  },
  "icc2_k": {
    "kind": "icc2_k",
    "n": 33,
    "k": 3,
    "point": 0.9072920589854276,
    "ci_lower": 0.7740480446698906,
    "ci_upper": 0.9580488701622366,
    "alpha": 0.05,
    "method": "mcgraw_wong_1996_f"
  }
}