{
  "fac01": {
    "kind": "icc2_1",
    "n": 33,
    "k": 2,
    "point": 0.7411795830320533,
    "ci_lower": 0.43431932416614333,
    "ci_upper": 0.8783236091328886,
    "alpha": 0.05,
    "method": "mcgraw_wong_1996_f"
  },
  "fac02": {
    "kind": "icc2_1",
    "n": 33,
    "k": 2,
    "point": 0.8400198579000808,
    "ci_lower": 0.41701917474846395,
    "ci_upper": 0.9404632382104733,
    "alpha": 0.05,
    "method": "mcgraw_wong_1996_f"
  },
  "fac03": {
    "kind": "icc2_1",
    "n": 33,
    "k": 2,
    "point": 0.916056162190357,
    "ci_lower": 0.7288464120494127,
    "ci_upper": 0.9663617168934936,
    "alpha": 0.05,
    "method": "mcgraw_wong_1996_f"
  }
}