{
  "set_the_stage": 0.24361493123772093,
  "elicit_information": 0.0730337078651685,
  "give_information": 0.48510638297872344,
  "understand_perspective": 0.7608695652173914,
  "end_encounter": 0.7407407407407407,
  "reasoning": 0.02156334231805923
}